,m,delta_scaling,occlusion_level,l2_diff_val_gt,validation_diff_svals,true_diff_svals,time_diff,fun,jac,nfev,njev,nit,status,message,x,success,hess_inv
0,5,0.0,0.0,34.17147948922846,"[30.17854509 30.37995994 30.49030285 30.55893751 30.70460898 31.19710589
 31.22084039 31.45100865 31.85950006 32.17608447 32.4690355  32.60227169
 32.72329071 33.43661834 33.78627925 35.53856405 35.80237304 36.94858071
 36.95565384]","[11.8266389  11.82864173 12.0347955  12.08677235 12.11997303 12.14116094
 12.21239076 12.40401638 12.51420714 12.59024669 12.62121955 12.79294945
 12.91778715 13.54308733 13.63344006 14.05935887 14.06520143 14.94661735
 20.34998258]",286.110266,273.3070133066155,[-0.00069349  0.00015916  0.00040927  0.00050022 -0.00026716],114,19,14,0,CONVERGENCE: REL_REDUCTION_OF_F_<=_FACTR*EPSMCH,[0.19293269 0.18224663 0.18599165 0.17225983 0.19528776],True,<5x5 LbfgsInvHessProduct with dtype=float64>
1,5,0.0,0.1,34.57159329605381,"[31.21316638 31.50025039 31.55002347 31.8385651  32.11065624 32.55471575
 32.7169924  32.92087574 32.96564727 33.28740778 33.41426665 33.63606844
 34.64638892 36.07495491 36.88911766 38.09626651 39.06752631 39.61449911
 52.92467129]","[15.49372233 15.50168716 15.68753878 15.74815851 16.0066057  16.1832927
 16.88213343 17.62123256 17.98722131 19.22111551 19.41942212 19.71838926
 20.40589573 21.88881    24.88383207 25.32354232 27.39487312 33.88426144
 48.66816118]",256.201278,291.4390885224978,"[ 5.11590770e-05  4.54747351e-05 -3.97903932e-04  2.10320650e-04
 -5.34328138e-04]",90,15,10,0,CONVERGENCE: REL_REDUCTION_OF_F_<=_FACTR*EPSMCH,[0.20848529 0.21942588 0.23563636 0.20375158 0.23022551],True,<5x5 LbfgsInvHessProduct with dtype=float64>
2,5,0.0,0.5,34.50078073897325,"[ 41.77815968  42.30236291  42.39024042  44.12599809  44.26605794
  44.31595913  45.22195891  45.29224394  46.72262343  48.87442864
  48.87442873  50.62710692  53.3168747   58.07083808  59.36393794
  63.94501602  78.57957423  83.04294499 119.07119553]","[ 35.97718555  36.45061621  37.0928611   37.86724207  38.08214134
  39.43242787  40.520409    41.48017788  42.00810682  43.13306739
  45.85125762  46.95290497  50.54207132  54.35962419  56.94516912
  61.19531267  75.29281799  81.07080181 117.22323813]",399.885568,495.82072160168616,[14.49627682 17.30671775  9.63465249  8.34286875  2.29890132],318,53,13,0,CONVERGENCE: REL_REDUCTION_OF_F_<=_FACTR*EPSMCH,[0.56574957 0.51682056 0.54359393 0.51612749 0.51906492],True,<5x5 LbfgsInvHessProduct with dtype=float64>
3,5,0.1,0.0,33.6502277498833,"[30.38143668 30.5276995  30.61100435 30.6781038  31.07426148 31.12991124
 31.18196935 31.52052415 31.59248488 32.63343219 32.7479913  32.8163909
 32.88614387 33.23023098 33.41682615 35.75017168 35.79086943 36.52216395
 36.73292859]","[11.80066498 12.00401464 12.02266726 12.15339518 12.18775203 12.22588009
 12.28675471 12.36384562 12.53446265 12.5658716  12.63917999 12.65960826
 12.99048543 13.63664772 13.72431039 14.10530854 14.31752763 16.09312889
 21.4546784 ]",319.796679,269.12841921891976,[0.00038654 0.00023874 0.00042633 0.00056843 0.00041496],108,18,13,0,CONVERGENCE: REL_REDUCTION_OF_F_<=_FACTR*EPSMCH,[0.19011088 0.18427733 0.18138469 0.1846961  0.18291076],True,<5x5 LbfgsInvHessProduct with dtype=float64>
4,5,0.1,0.1,34.312128144334714,"[31.75494975 32.39476147 32.59907953 32.7721939  32.96004818 33.58910989
 33.66235212 33.73069728 34.01395917 34.3443587  34.57737775 35.02106906
 35.25082546 36.45993963 37.40163477 37.72271552 38.17844872 44.48439211
 44.75738553]","[15.99121608 16.02400313 16.36166279 16.55941939 16.67895246 16.92847445
 16.9768264  17.27003636 17.37540461 18.45634662 19.30416978 19.84794398
 20.28420999 20.7886948  22.15514678 26.56442287 28.0658512  38.39295241
 39.68694294]",221.336446,295.0098396837359,[ 0.00329692  0.00622435  0.01006129 -0.00061391  0.00122213],78,13,10,0,CONVERGENCE: REL_REDUCTION_OF_F_<=_FACTR*EPSMCH,[0.25439023 0.22942339 0.25026652 0.23590619 0.23719031],True,<5x5 LbfgsInvHessProduct with dtype=float64>
5,5,0.1,0.5,34.19744187811258,"[ 41.79093225  42.6591966   44.19749222  44.69405915  45.31058838
  45.95701517  45.97273509  46.34653516  48.64983583  48.83316772
  49.44157582  52.19581268  54.29413999  58.85410552  62.08192361
  65.86446101  81.28806455  87.31213681 126.07081229]","[ 36.52918457  37.07984779  38.06639774  38.99370053  40.38238687
  40.65967428  40.96572081  41.96839998  42.57480678  45.11309283
  46.19430408  47.96967107  50.86960897  55.56853326  59.44411838
  62.89095096  77.98180963  84.64768255 123.90613975]",85.19032,507.3384749015219,"[ 0.00000000e+00 -5.11590767e-05  4.54747349e-05  3.97903930e-05
  3.41060511e-05]",66,11,9,0,CONVERGENCE: REL_REDUCTION_OF_F_<=_FACTR*EPSMCH,[0.55904689 0.57731733 0.55937772 0.54278563 0.56432973],True,<5x5 LbfgsInvHessProduct with dtype=float64>
6,10,0.0,0.0,34.033556422972694,"[29.15281172 29.23329637 29.45123351 29.47325005 29.64656686 29.97050719
 30.32033776 30.48554671 30.66144395 31.11948024 31.28003541 31.33633344
 31.73763117 31.92582117 32.3536222  34.1877693  34.33619623 35.66507444
 35.73535713]","[ 8.49235703  8.64020194  8.68841322  8.73733323  8.84336986  8.92307626
  8.92456419  8.9976623   9.06342767  9.14086214  9.2086358   9.27536622
  9.40841533  9.90964481  9.94106208 10.26060339 10.35102157 11.61394938
 15.47421245]",657.712687,262.8224833447171,"[ 9.03810360e-04  4.43378667e-04  8.35598258e-04 -2.64890332e-03
  6.82121027e-05 -1.53477231e-04  3.92219590e-04  1.94972927e-03
  2.29647412e-03  1.21076482e-03]",165,15,11,0,CONVERGENCE: REL_REDUCTION_OF_F_<=_FACTR*EPSMCH,"[0.0931938  0.08592218 0.09040828 0.09284115 0.09912675 0.09986599
 0.09898029 0.10022488 0.09319926 0.09035162]",True,<10x10 LbfgsInvHessProduct with dtype=float64>
7,10,0.0,0.1,34.134148949318984,"[30.01701544 30.12500136 30.12705943 30.23816843 30.47838476 30.94051469
 31.16064498 31.21516343 31.57279483 31.74850796 31.76660465 32.24094951
 32.79640727 32.82526568 34.15799173 35.07259046 36.133891   36.67785999
 41.64805338]","[11.37194675 11.50608913 11.70483918 11.78764828 11.86213527 11.94165005
 12.06278733 12.55142392 13.04275073 13.48806035 14.26000727 14.62037925
 15.02433638 15.44747903 17.67726079 18.58181066 20.85654305 24.72362693
 34.98826478]",860.907359,271.6715602914509,"[0.00959517 0.00234763 0.01674607 0.01936087 0.01823537 0.0288253
 0.01115836 0.00672458 0.01613785 0.01775788]",187,17,13,0,CONVERGENCE: REL_REDUCTION_OF_F_<=_FACTR*EPSMCH,"[0.12873871 0.10711564 0.1227486  0.10780777 0.11770104 0.09409368
 0.11586375 0.11464652 0.10755799 0.12917262]",True,<10x10 LbfgsInvHessProduct with dtype=float64>
8,10,0.0,0.5,34.331740182685934,"[36.13430299 36.53248057 36.62896397 37.29765736 37.83021006 38.09753189
 38.64615124 38.81189608 39.30644042 40.02417371 40.339784   41.16397966
 42.16529593 45.74970579 47.0671373  51.02916645 64.7589641  64.98083237
 89.43694834]","[26.56856309 27.08241955 27.95315801 28.04531964 28.73070724 29.47959209
 30.04431073 30.92645641 32.08554168 33.46046755 34.01631964 35.46654608
 37.52017386 40.97365016 42.6643644  46.838132   60.96040462 62.29298156
 87.01657001]",361.306226,397.2548655969629,"[-6.13908924e-04  3.41060513e-04  4.54747351e-05  3.41060513e-04
 -6.25277608e-05  7.38964446e-05 -5.11590770e-05  4.20641300e-04
 -9.09494702e-05  5.00222086e-04]",143,13,10,0,CONVERGENCE: REL_REDUCTION_OF_F_<=_FACTR*EPSMCH,"[0.29985417 0.31818554 0.32412134 0.33165066 0.30905855 0.34640623
 0.31097532 0.3175936  0.35736027 0.33594637]",True,<10x10 LbfgsInvHessProduct with dtype=float64>
9,10,0.1,0.0,34.189281001319685,"[29.32470447 29.38595323 29.46429858 29.6390024  29.78308876 30.29017677
 30.31532952 30.62837196 30.74102648 30.85422793 30.94615085 31.12288262
 31.38423769 31.51153856 31.82379263 34.44676248 34.47913607 35.79786104
 35.83307951]","[ 8.65705486  8.67462753  8.69390687  8.7267005   8.75326208  8.83594471
  8.96034929  8.98164429  9.04188566  9.13278931  9.21902511  9.27073528
  9.49014594  9.8501536   9.97765478 10.25009739 10.25790136 11.71267459
 15.9921207 ]",1170.711437,257.44911200581026,"[-0.00430305 -0.00596856 -0.00611635 -0.00575255 -0.00324576 -0.00894715
 -0.00230216 -0.00368345 -0.00590035 -0.00323439]",198,18,13,0,CONVERGENCE: REL_REDUCTION_OF_F_<=_FACTR*EPSMCH,"[0.0942265  0.092581   0.09292696 0.09685669 0.09165952 0.10575552
 0.09275921 0.09246041 0.09654249 0.08669748]",True,<10x10 LbfgsInvHessProduct with dtype=float64>
10,10,0.1,0.1,34.03454040003515,"[29.55817882 29.60020845 29.96984073 30.02115421 30.51667845 30.87030747
 31.0097649  31.49819414 31.79336196 31.94008081 32.13379357 32.19513138
 32.53134875 32.55207011 34.1965346  34.7643283  35.48639266 35.75928108
 42.83881056]","[11.12203449 11.25994329 11.27368221 11.45508594 11.45903306 11.76990933
 12.15491606 12.6533886  13.01193143 13.91898076 14.20336741 14.39132502
 15.11863414 15.76576896 18.33685117 19.21638503 19.3940097  24.29460185
 35.90558948]",1107.747229,265.6039084833186,"[0.00821956 0.00852651 0.00928821 0.00856062 0.00803198 0.00828209
 0.01047056 0.00813998 0.00948148 0.0082764 ]",220,20,14,0,CONVERGENCE: REL_REDUCTION_OF_F_<=_FACTR*EPSMCH,"[0.11123718 0.11093935 0.10329386 0.09610871 0.12493561 0.13462932
 0.13149345 0.11047419 0.10659552 0.10557802]",True,<10x10 LbfgsInvHessProduct with dtype=float64>
11,10,0.1,0.5,33.54840226479839,"[36.07874608 36.43188108 36.87943886 37.31648541 37.71918546 38.28233042
 38.4780518  38.54284865 39.34734954 39.75711164 40.07687833 41.62166005
 42.04380804 46.32442394 49.09596393 51.47748771 64.45102226 65.88353248
 92.61689308]","[26.74891699 26.95620738 27.42072039 27.689443   28.21988298 28.5905336
 29.56323026 30.61964996 32.62567056 33.18654395 35.20638386 36.81361165
 37.67317931 41.56331363 45.50706052 47.63954917 60.69879361 62.91526602
 89.7464488 ]",365.857265,396.96354250559983,"[-7.38964446e-05 -7.38964446e-05  1.98951966e-04  1.87583282e-04
 -2.44426701e-04 -1.53477231e-04 -2.78532753e-04 -2.21689334e-04
 -3.97903932e-04 -1.19371180e-04]",143,13,10,0,CONVERGENCE: REL_REDUCTION_OF_F_<=_FACTR*EPSMCH,"[0.34554865 0.33281402 0.30712957 0.27561011 0.29272642 0.32576027
 0.27314676 0.31101052 0.36267351 0.34696976]",True,<10x10 LbfgsInvHessProduct with dtype=float64>
12,15,0.0,0.0,34.15475156704216,"[28.66072723 28.87440432 29.00254127 29.05156379 29.44991851 29.53061432
 29.60720951 29.9583503  30.11329436 30.21628383 30.60093892 31.10384704
 31.2557833  31.43838712 32.09737647 33.77764648 33.95513895 35.19546304
 35.4072004 ]","[ 7.11006353  7.13689017  7.14456178  7.22942287  7.27302148  7.38409549
  7.43304735  7.46528908  7.54209758  7.65842596  7.65980262  7.78665252
  7.82949206  8.19152355  8.22621745  8.37403694  8.45937132  9.60629487
 12.93749849]",1254.828624,259.4245813328991,"[-0.00362093  0.00059686 -0.00167688  0.00135856  0.0040643  -0.00362093
 -0.00160298 -0.00247269 -0.00435989  0.00042633  0.00424052 -0.00441673
  0.00414957 -0.00396199  0.00107434]",288,18,14,0,CONVERGENCE: REL_REDUCTION_OF_F_<=_FACTR*EPSMCH,"[0.06744464 0.0536286  0.0724213  0.06635256 0.0751999  0.05602388
 0.06001479 0.06666953 0.06450166 0.06597046 0.05823842 0.05629549
 0.06511263 0.06492618 0.06117385]",True,<15x15 LbfgsInvHessProduct with dtype=float64>
13,15,0.0,0.1,34.60166341394308,"[29.33821521 29.34255715 29.69838176 29.95109279 29.98260077 30.10902346
 30.43638384 30.47983615 30.74513354 31.02516442 31.09356152 31.40427484
 31.78096779 31.95304042 33.77727921 34.18034987 35.37665418 36.41071113
 38.48979313]","[ 9.3781743   9.49203966  9.53700005  9.61906987  9.67952607 10.10282206
 10.41702994 10.55311719 11.07508537 11.26554839 12.25325429 12.57260465
 12.61329737 13.13563866 14.59919705 16.79863598 16.91961183 20.73998786
 30.51283981]",1308.903728,265.97683896264357,"[-0.01797389  0.00136993 -0.02600586 -0.00502496 -0.01483045 -0.00931095
  0.00389377 -0.01207923  0.00499085 -0.01348894  0.02006573  0.0025409
 -0.01030003  0.00557066 -0.00241016]",304,19,16,0,CONVERGENCE: REL_REDUCTION_OF_F_<=_FACTR*EPSMCH,"[0.07910005 0.08057378 0.07358806 0.07754009 0.07493423 0.09320496
 0.06908612 0.08998409 0.06119186 0.08036073 0.0812132  0.06981568
 0.07981502 0.0631487  0.0803679 ]",True,<15x15 LbfgsInvHessProduct with dtype=float64>
14,15,0.0,0.5,34.65047469242586,"[33.58538435 33.92098341 34.03409756 34.5069083  34.7451094  35.03445033
 35.86980239 36.20425943 36.60042133 37.40467183 37.4046719  38.14587576
 38.38461339 40.41916745 43.35531102 44.14413892 52.27018395 56.81546469
 82.24541957]","[21.89603737 22.42389642 22.63529452 23.45129161 24.27363697 24.56091785
 25.66406897 25.85739078 26.07742962 27.72990471 28.0420055  30.51781509
 32.19687048 34.74143124 38.51971081 39.70563718 47.44569012 53.24804878
 78.85552266]",2038.237743,350.93942708151934,"[-0.10670647  0.92570645  1.86069542  1.53141286 -0.15700152  2.45271963
  0.8097345   0.70859301 -0.21936444  0.19231265 -0.39153747 -0.01517151
  0.74421678  1.66495511  0.04994263]",800,50,15,0,CONVERGENCE: REL_REDUCTION_OF_F_<=_FACTR*EPSMCH,"[0.24713675 0.22224017 0.20144604 0.19188895 0.24195043 0.26939486
 0.21368308 0.22855795 0.22489784 0.18941718 0.21738162 0.22527604
 0.19431162 0.21273537 0.239907  ]",True,<15x15 LbfgsInvHessProduct with dtype=float64>
15,15,0.1,0.0,33.86277409638062,"[28.84418312 28.94643498 29.23985776 29.36393554 29.37810946 29.51551299
 29.67755092 29.82748505 30.30786321 30.66765665 30.69338883 30.89756134
 30.93761572 31.49937033 31.68316073 33.96095169 34.09973463 34.85602242
 34.86950333]","[ 7.1126064   7.12578669  7.23076537  7.24355157  7.31005922  7.35815259
  7.43183308  7.47394698  7.49024136  7.53313615  7.64677636  7.91930669
  8.08667533  8.15214531  8.3774456   8.45626886  8.59178835 10.60775941
 14.82097632]",1540.182044,254.6303064700768,"[-0.00530349  0.00069349 -0.00325144  0.00309797 -0.00867999 -0.00169393
  0.00387672 -0.00517844  0.00264322 -0.00068781 -0.00517844  0.00171667
  0.00278533  0.00108002 -0.00454747]",336,21,15,0,CONVERGENCE: REL_REDUCTION_OF_F_<=_FACTR*EPSMCH,"[0.06430634 0.0610262  0.0692258  0.06533892 0.05340096 0.06667648
 0.06069948 0.05184767 0.06391813 0.05934779 0.06274567 0.07634263
 0.06272487 0.06773326 0.06076676]",True,<15x15 LbfgsInvHessProduct with dtype=float64>
16,15,0.1,0.1,34.268356461431104,"[29.23902253 29.49099761 29.51411094 29.56979688 29.97222971 30.29415627
 30.34952714 30.37154168 30.52104969 31.04423086 31.22048683 31.30436544
 31.90424311 32.4524697  33.03990471 34.36431449 34.43233508 35.72139726
 36.84546756]","[ 9.25540628  9.31156447  9.47747496  9.56133493  9.74355083  9.78742896
  9.93307201 10.04452318 10.37888563 10.39413749 10.84344162 11.14280334
 11.79262668 13.0582385  13.55711476 14.09250442 18.06344266 19.60408229
 25.48477758]",1839.286395,260.40342942389145,"[-2.07478479e-03 -2.50111043e-03 -3.18323146e-04 -2.97859515e-03
 -1.63140612e-03  1.80762072e-03 -1.63140612e-03  3.58113539e-04
 -1.93267624e-03 -2.00657269e-03  1.70530257e-05 -4.03588274e-04
 -5.68434189e-05 -3.17186277e-03  1.11413101e-03]",432,27,22,0,CONVERGENCE: REL_REDUCTION_OF_F_<=_FACTR*EPSMCH,"[0.07976419 0.07560771 0.08392971 0.07311335 0.09059502 0.08134569
 0.08593352 0.06975351 0.07974739 0.07737758 0.07703731 0.08671506
 0.08768396 0.07224248 0.07281791]",True,<15x15 LbfgsInvHessProduct with dtype=float64>
17,15,0.1,0.5,34.143973762566084,"[33.53663177 33.79297026 34.06744938 34.55266073 34.57719686 34.92135059
 35.23776489 35.76081289 36.88931759 37.71846718 37.77439811 37.97359371
 38.0339277  38.99205857 39.71986901 43.22429129 51.91949624 56.04807283
 75.93999096]","[21.5046181  21.71706926 21.95734721 22.48263905 23.30697206 24.98282255
 25.1126084  26.14489945 27.12323608 27.15522584 28.52295719 28.68290007
 32.02546271 32.4860484  34.53794954 38.65842461 46.77455194 52.23970987
 73.03719052]",460.405948,339.65333841949126,"[-4.42241799e-03  2.71711542e-03  5.11590770e-05  3.50155460e-03
  4.85442797e-03  1.72235559e-03  6.48014975e-04  5.66728886e-03
  9.20863386e-04 -3.78577170e-03  4.40536496e-03  2.86490831e-03
 -4.62136996e-03 -1.21644916e-03 -5.22959454e-04]",208,13,11,0,CONVERGENCE: REL_REDUCTION_OF_F_<=_FACTR*EPSMCH,"[0.22741315 0.20589228 0.25648629 0.22094932 0.24400683 0.24485946
 0.1955884  0.23454684 0.221335   0.22425222 0.24086649 0.21954125
 0.25473528 0.20649828 0.20044679]",True,<15x15 LbfgsInvHessProduct with dtype=float64>
18,20,0.0,0.0,34.05657925848446,"[28.617737   28.68567873 28.82229082 28.86567736 28.92490536 29.17979726
 29.32491358 29.58331683 29.68079068 30.37151097 30.55974867 30.89858148
 31.02675689 31.20250984 31.66842759 33.53448863 33.65491615 34.6941802
 34.99038403]","[ 6.20041916  6.23369059  6.24087693  6.32500329  6.33561203  6.37646067
  6.44144343  6.48375158  6.54916538  6.59729858  6.66541114  6.7025641
  6.85052653  7.19903564  7.2005628   7.39210853  7.44882255  8.39361882
 11.50009816]",1426.681118,257.2396094382586,"[ 0.00109708 -0.00049454  0.00033538 -0.00152909  0.0015973   0.00052864
  0.00084697  0.00104592  0.0003979  -0.00160867  0.00102318  0.00024443
 -0.00071054  0.00026716  0.00025011 -0.00034674 -0.00055707 -0.00080149
  0.0008697  -0.00025011]",336,16,13,0,CONVERGENCE: REL_REDUCTION_OF_F_<=_FACTR*EPSMCH,"[0.0593081  0.05385206 0.0450659  0.04609014 0.05414412 0.0376537
 0.045457   0.04360925 0.05079128 0.04488539 0.04441309 0.04814229
 0.04906652 0.04569861 0.04873983 0.05933449 0.05431888 0.03613823
 0.04607818 0.04653632]",True,<20x20 LbfgsInvHessProduct with dtype=float64>
19,20,0.0,0.1,34.28669418586646,"[29.0758652  29.10852148 29.11560328 29.6131348  29.79964343 30.05468812
 30.0880891  30.77537669 30.90099993 30.92715972 30.97849789 31.10398924
 31.43785823 31.61678687 33.591904   33.61366756 34.82326107 35.11691233
 38.81521805]","[ 8.7475622   8.98922945  9.19210171  9.19417215  9.36317511  9.60967839
 10.19960714 10.60047153 11.29269819 11.57502883 11.80847928 11.92251177
 12.73880873 13.13990914 14.02403271 15.87179457 17.1860846  22.59896935
 31.75568785]",3909.471667,262.28287717771946,"[-0.01450644 -0.00847535 -0.01269314 -0.01077751 -0.00530918 -0.00915179
 -0.00231353 -0.01711555 -0.00914042 -0.00547971 -0.01616058 -0.00676437
 -0.00779892 -0.00977707  0.00902673  0.00445652  0.0041382  -0.00455884
 -0.00889031 -0.00828777]",798,38,28,0,CONVERGENCE: REL_REDUCTION_OF_F_<=_FACTR*EPSMCH,"[0.05302659 0.05843647 0.05769186 0.04583238 0.04824589 0.07274138
 0.04811348 0.05796298 0.04829195 0.04696298 0.08783742 0.05610102
 0.04724071 0.05481672 0.05607508 0.05420013 0.0784731  0.04897973
 0.05420624 0.04985685]",True,<20x20 LbfgsInvHessProduct with dtype=float64>
20,20,0.0,0.5,34.08986073726648,"[32.35280592 32.46484042 32.65097826 33.04968127 33.30974633 33.49502301
 33.8345358  33.91126456 35.74834337 35.9269171  36.00883653 36.44789239
 36.96889013 37.43637446 39.21010652 39.61929139 47.27540286 51.68110393
 71.22762749]","[19.00232324 19.26497637 20.08903022 20.37323391 20.76097346 21.14802653
 21.7027161  22.40191224 23.91436403 25.32242917 26.11902926 27.35978883
 30.4043214  30.83651608 34.0505482  34.93336212 41.87025095 47.84713218
 67.83889768]",906.777132,324.6478981997865,"[ 4.20641300e-04 -2.67164069e-04  3.46744855e-04  5.68434189e-06
  2.72848411e-04  3.92219590e-04  2.04636308e-04 -1.36424205e-04
  1.42108547e-04  1.13686838e-05 -1.81898940e-04 -4.09272616e-04
 -3.41060513e-05  3.58113539e-04  1.53477231e-04  1.76214599e-04
 -5.17275112e-04 -3.18323146e-04 -6.76436685e-04 -1.42108547e-04]",357,17,14,0,CONVERGENCE: REL_REDUCTION_OF_F_<=_FACTR*EPSMCH,"[0.19647592 0.19074656 0.15739434 0.15071028 0.16882356 0.1716263
 0.15558345 0.16160719 0.19309892 0.16528756 0.17122059 0.18436831
 0.16174073 0.12506741 0.16524444 0.17350571 0.14985024 0.20151602
 0.20040252 0.16870699]",True,<20x20 LbfgsInvHessProduct with dtype=float64>
21,20,0.1,0.0,34.20299571354323,"[28.68063191 28.76060683 28.91058782 29.11548019 29.15796969 29.32436611
 29.38859874 29.50660396 30.11218361 30.48878315 30.77675295 31.02185966
 31.24717727 31.37358572 31.50581432 33.71024459 33.96768476 34.56184357
 34.78455851]","[ 6.22037777  6.25697726  6.27589893  6.30226892  6.40207257  6.43975046
  6.51333148  6.5571452   6.59109999  6.59732244  6.70988111  6.90755199
  7.03441754  7.39889454  7.44575236  7.54305173  7.80602766  9.84126603
 13.67554762]",2073.340858,254.13755673395784,"[ 2.97291081e-03  2.89901436e-03 -2.10320650e-04  1.05728759e-03
  1.01181286e-03  4.20641299e-04 -7.73070496e-04  9.54969437e-04
 -3.12638804e-04  9.49285095e-04 -1.81898940e-04  2.47268872e-03
 -1.21076482e-03 -4.37694325e-04 -9.32232069e-04 -4.14956958e-04
  1.19371180e-03 -5.68434189e-06 -1.11413101e-03  2.32489583e-03]",483,23,17,0,CONVERGENCE: REL_REDUCTION_OF_F_<=_FACTR*EPSMCH,"[0.04629592 0.04741282 0.04036227 0.04574772 0.04238999 0.04238166
 0.04741076 0.04536371 0.04657605 0.05417883 0.04745203 0.04362326
 0.04341223 0.0591657  0.04935334 0.05184211 0.05013132 0.0461841
 0.04699411 0.05287049]",True,<20x20 LbfgsInvHessProduct with dtype=float64>
22,20,0.1,0.1,34.31697252983751,"[29.06893538 29.24363065 29.30382562 29.35105943 29.77225822 29.80104376
 30.18165725 30.18922647 30.47803155 30.85873135 30.8587315  31.46880627
 31.55663268 31.7015751  32.57602587 33.71910446 34.04994968 35.26810197
 35.42709442]","[ 8.28536064  8.31264205  8.37531514  8.43597236  8.57420088  8.59072859
  8.81545923  8.91193169  9.07128345  9.19231103  9.73385557 10.44846677
 10.49200302 10.89946788 11.25565518 14.00762632 14.42567889 19.40193989
 20.04983693]",7445.574044,257.11726119964806,"[-2.76335754 -1.94493168 -2.27979058 -2.24484893 -3.09904067 -2.56000021
 -2.53003236 -2.86501063 -2.19037588 -1.84757596 -2.16523972 -2.37073437
 -2.06526352 -2.4880535  -3.31177148 -2.82711312 -2.07680841 -2.76882019
 -1.96505425 -1.8296646 ]",1491,71,23,0,CONVERGENCE: REL_REDUCTION_OF_F_<=_FACTR*EPSMCH,"[0.06162401 0.06383391 0.06031971 0.09118874 0.0552058  0.06728223
 0.04707638 0.06194645 0.05136774 0.06672374 0.07622808 0.06412237
 0.05194045 0.05446065 0.05260227 0.06080311 0.05596911 0.05240463
 0.06661816 0.05800139]",True,<20x20 LbfgsInvHessProduct with dtype=float64>
23,20,0.1,0.5,33.907769231293805,"[32.34114133 32.83518375 32.99152455 33.15551529 33.38872511 33.41884004
 33.93206106 34.31451399 34.70720564 35.72958908 35.99949446 36.46583738
 37.16826687 37.41522476 37.83569594 38.49741497 49.90376243 50.98003056
 70.05984742]","[18.92344184 19.61424785 19.82920988 20.41863309 20.72381935 22.3482485
 22.80272128 23.00278968 23.81793235 23.936524   26.02167753 26.12595877
 28.6764363  29.74224418 31.61996336 32.3872958  44.45755917 46.98697311
 66.19680454]",608.914774,320.21480154403224,"[ 1.70530257e-05 -2.21689334e-04  6.30961950e-04  1.25055522e-04
 -1.36424205e-04 -7.04858394e-04  1.04591891e-03  3.12638804e-04
 -3.24007488e-04 -8.81072993e-04 -1.81898940e-04  1.87583282e-04
  2.10320650e-04  4.77484719e-04  6.25277608e-04 -2.78532753e-04
 -5.79802873e-04  8.64019967e-04  2.16004992e-04  2.44426701e-04]",252,12,10,0,CONVERGENCE: REL_REDUCTION_OF_F_<=_FACTR*EPSMCH,"[0.15892735 0.15374225 0.17623366 0.16318468 0.17260115 0.15959877
 0.17386254 0.15299664 0.18840662 0.19376647 0.20780653 0.17559887
 0.18357031 0.15948557 0.15308993 0.15498505 0.15544991 0.1676351
 0.22496724 0.19520257]",True,<20x20 LbfgsInvHessProduct with dtype=float64>
24,30,0.0,0.0,34.32438483583532,"[28.30025377 28.53225168 28.69157909 28.73046159 28.85498758 29.04674144
 29.4124019  29.75919439 29.77488062 30.31542008 30.32239359 30.64951604
 30.82693601 31.21689652 31.72733309 33.67151522 33.72020549 34.52159936
 34.82708319]","[5.13455297 5.16854781 5.2155847  5.24381632 5.25497796 5.29684081
 5.3479692  5.37450056 5.45065898 5.46555912 5.48138252 5.53346103
 5.60557161 5.95099345 5.98270645 6.11877721 6.14204919 6.63971473
 8.82311172]",2458.060277,256.65639532175294,"[ 0.00429736 -0.00286491 -0.00114824  0.00463274  0.01123226  0.01286935
  0.00738396 -0.00102887  0.00169962 -0.00017053  0.00706564  0.0048658
 -0.00081286  0.00216573  0.00204636  0.00175078  0.002467    0.00532054
  0.004718    0.00405294 -0.00069917  0.00143245  0.00617888  0.00332534
  0.0033026   0.0007276   0.01173248  0.00114824  0.01013518 -0.00398472]",496,16,12,0,CONVERGENCE: REL_REDUCTION_OF_F_<=_FACTR*EPSMCH,"[0.0380969  0.03854772 0.03694405 0.03434366 0.04232894 0.02869273
 0.03009268 0.02375399 0.03206848 0.03223782 0.02514282 0.03406685
 0.02797854 0.02025004 0.04087388 0.01936196 0.02980188 0.04632202
 0.03508882 0.02097642 0.0363195  0.02599944 0.03649688 0.03442154
 0.03552899 0.03543359 0.03557607 0.02454104 0.03897978 0.02872206]",True,<30x30 LbfgsInvHessProduct with dtype=float64>
25,30,0.0,0.1,33.866879529800215,"[28.652376   28.84497071 29.07683926 29.18092251 29.35677266 29.46302783
 29.51477993 29.52379322 30.44785149 30.61734668 30.87105791 30.90695284
 30.94700098 31.36516705 31.54964675 33.69114686 33.72188892 34.66801067
 34.69618962]","[ 6.78661811  6.91288135  6.93198287  7.0305971   7.11584645  7.17637429
  7.18947727  7.36321972  7.37349939  7.46474453  8.17927431  8.2489024
  8.44477595  9.21361819  9.54680032 10.3369693  12.31124928 15.23426181
 17.2601922 ]",4754.247658,257.7208719775228,"[ 3.10365067e-03 -3.18891580e-03 -4.45652404e-03 -4.35420588e-03
 -4.11546352e-03 -3.63797881e-03 -3.97903932e-05 -1.92130756e-03
  1.04591891e-03 -4.37694325e-03 -2.70574674e-03  4.03588274e-04
 -3.35944605e-03  1.23350219e-03 -7.10542736e-04 -2.44995135e-03
 -3.07522896e-03 -3.49587026e-03 -1.75077730e-03 -3.55271368e-03
 -1.62572178e-03 -5.64455149e-03  1.13118404e-03  2.91606739e-03
  1.39834810e-03 -2.67164069e-04 -2.89901436e-03 -2.59205990e-03
  1.83035809e-03 -3.17754711e-03]",713,23,19,0,CONVERGENCE: REL_REDUCTION_OF_F_<=_FACTR*EPSMCH,"[0.03077059 0.04487014 0.04338735 0.04651237 0.05118022 0.04781936
 0.03536041 0.0390638  0.02432562 0.05853457 0.0426855  0.01998969
 0.04436862 0.01852683 0.03782824 0.05013059 0.03413629 0.04021314
 0.03420606 0.03681712 0.06276346 0.05862482 0.032891   0.03750894
 0.03216619 0.04537446 0.04265115 0.03272703 0.04121785 0.04864269]",True,<30x30 LbfgsInvHessProduct with dtype=float64>
26,30,0.0,0.5,34.08568589945897,"[31.17396209 31.24938818 31.27612061 31.41410424 32.2337956  32.23429352
 32.71309345 32.81780712 32.91329691 33.60302957 33.60302965 34.54680899
 35.13971355 35.5681626  35.96137025 36.75885492 42.41032909 44.18833599
 61.12637333]","[15.97832339 16.24002483 16.98161374 17.19039382 17.68542751 18.10124438
 18.64900609 19.09314482 19.21516104 20.28757703 21.32545868 21.48557059
 22.36850705 26.11052648 27.00448856 29.49700791 36.49174153 37.17504976
 56.70563603]",4027.492133,298.1766050417706,"[4.75806133 3.67040798 3.20671347 3.37521442 3.14744284 4.68990607
 4.71444537 3.28939791 4.84719749 1.54733471 2.92044433 3.58536454
 2.65078484 2.52033488 2.82086603 3.168185   3.82892722 2.6370742
 1.6273475  3.65053552 3.13790452 3.34803758 1.73305352 4.50198741
 2.96433882 2.6796215  3.85490466 4.30774776 3.21086873 3.68610245]",1147,37,9,0,CONVERGENCE: REL_REDUCTION_OF_F_<=_FACTR*EPSMCH,"[0.13060416 0.13532755 0.14395449 0.11626506 0.1256049  0.1330382
 0.11225258 0.11490363 0.14098999 0.10077963 0.12757487 0.12692179
 0.09965288 0.1157348  0.0884183  0.12544467 0.10062823 0.11702886
 0.13222601 0.13105528 0.12645333 0.12656704 0.11534144 0.13213337
 0.11391286 0.13793817 0.11521206 0.10245674 0.14416773 0.10961714]",True,<30x30 LbfgsInvHessProduct with dtype=float64>
27,30,0.1,0.0,33.98472300276025,"[28.32051846 28.37154199 28.64384023 28.90536067 29.07040294 29.46118543
 29.62061857 29.7704643  29.84090198 30.25491906 30.2549191  30.59587465
 30.76033609 31.20718505 31.33165896 33.71339347 33.84096062 34.36811959
 34.47637719]","[ 5.2245646   5.24600725  5.27523847  5.30072216  5.30155636  5.35649595
  5.4085038   5.41071707  5.41662869  5.4820134   5.62793728  5.84148713
  5.91658064  6.06583289  6.15031127  6.16169695  6.30445185  8.02093609
 11.20336208]",4944.32432,252.02769785814874,"[-1.83653128 -1.62867195 -1.74208594 -1.78163759 -1.68353722 -1.76798949
 -1.93069809 -2.00311661 -1.92878247 -1.73724288 -1.8053754  -2.00371915
 -1.53857513 -1.74982233 -2.15616751 -2.234367   -2.34114168 -2.12363034
 -1.62789888 -2.2532106  -2.15156319 -1.73832291 -2.25554686 -2.09274162
 -1.63901177 -2.35181119 -2.15194404 -2.40285658 -2.08730171 -1.7267439 ]",868,28,10,0,CONVERGENCE: REL_REDUCTION_OF_F_<=_FACTR*EPSMCH,"[0.0283431  0.02720339 0.03045295 0.0303102  0.03019748 0.03295778
 0.03742813 0.03962485 0.03518813 0.0283354  0.04284674 0.02581723
 0.03226869 0.03679521 0.03646021 0.03711932 0.0323313  0.03240761
 0.02719989 0.03482702 0.03030832 0.02163664 0.03331641 0.03470137
 0.03981213 0.01957253 0.02384417 0.03141314 0.03147288 0.03433017]",True,<30x30 LbfgsInvHessProduct with dtype=float64>
28,30,0.1,0.1,34.36928902592123,"[28.71613667 28.92774742 28.94986263 29.12517144 29.51551277 29.54350761
 29.66057244 29.70771618 30.24196577 30.25348374 30.3423697  30.92615578
 30.95309882 31.16380672 31.27016384 33.44925646 33.74933936 34.69545457
 35.12846028]","[ 6.77323831  6.80316139  6.85320651  6.88771985  7.03334908  7.23603002
  7.28546234  7.41129238  7.48618721  7.61978274  8.08126658  8.09442358
  8.98758291  9.58324921  9.65757073  9.78877705 13.5214893  13.81142395
 18.55190393]",4001.918651,252.5086057665841,"[-0.00104023  0.00184173  0.00219984 -0.00026148  0.00189289  0.00223395
  0.00350155  0.00183036 -0.00016485  0.00241585  0.00151772  0.0028308
  0.00055138  0.00255795  0.00102887  0.00074465  0.00258638  0.00202363
  0.00356977 -0.00486011  0.00135287  0.00200657  0.00228511  0.00166551
  0.00181331  0.00015916  0.00040359  0.00077875  0.00059686  0.00069349]",744,24,21,0,CONVERGENCE: REL_REDUCTION_OF_F_<=_FACTR*EPSMCH,"[0.02805517 0.03868519 0.05065452 0.04015882 0.03630044 0.03103427
 0.04356075 0.04019775 0.02387793 0.04447126 0.0472835  0.03860289
 0.04216695 0.03376264 0.042234   0.03940245 0.03986066 0.03399495
 0.04628525 0.04649026 0.0397179  0.04702264 0.02494389 0.04473697
 0.04167125 0.03719623 0.05130433 0.05031358 0.03982078 0.03782237]",True,<30x30 LbfgsInvHessProduct with dtype=float64>
29,30,0.1,0.5,33.91840918853701,"[31.05668748 31.15978516 31.47455795 31.54760606 31.68692397 31.91775007
 31.96394445 32.48571385 32.78742468 33.12107573 33.12107575 33.94965063
 34.74144394 35.03405709 35.60238194 35.78334781 41.12781641 42.94460764
 61.69376721]","[15.86099954 16.05826639 16.61786905 17.09508149 17.85730766 17.93732943
 18.06335091 19.32193434 19.77480502 20.09935813 21.73770739 21.89223246
 24.73515807 25.20707246 26.55019326 28.57534601 33.45074607 37.88633251
 56.60688366]",10954.842056,288.2794588498679,"[0.74960553 1.64880021 1.5153887  1.21328867 0.58307705 0.77560571
 1.89508001 1.12239604 1.75519972 0.33321612 0.8532993  2.07531912
 0.61339165 0.42965098 2.20337597 1.27424755 1.10866267 1.79232984
 0.73624165 1.97439363 1.19721904 1.61699063 1.33331355 0.11690986
 2.52734367 0.97444399 1.07400524 2.3173584  1.17150307 1.33406957]",2852,92,22,0,CONVERGENCE: REL_REDUCTION_OF_F_<=_FACTR*EPSMCH,"[0.11514517 0.11874105 0.14126509 0.11637735 0.12569748 0.1257279
 0.15392135 0.12238571 0.11506262 0.09767674 0.09377961 0.11089971
 0.11653104 0.15118957 0.11286541 0.1382989  0.11304107 0.10040334
 0.12060586 0.10524195 0.11556824 0.11187972 0.10296322 0.11607564
 0.11378089 0.10300738 0.11085189 0.0971681  0.13018336 0.12398164]",True,<30x30 LbfgsInvHessProduct with dtype=float64>
